{
    "foreground_intensity_properties_per_channel": {
        "0": {
            "max": 1870.0,
            "mean": 186.42144775390625,
            "median": 144.0,
            "min": -193.0,
            "percentile_00_5": -28.0,
            "percentile_99_5": 849.0,
            "std": 143.9905548095703
        }
    },
    "median_relative_size_after_cropping": 1.0,
    "shapes_after_crop": [
        [
            31,
            58,
            73
        ],
        [
            39,
            75,
            73
        ],
        [
            35,
            75,
            81
        ],
        [
            37,
            66,
            73
        ],
        [
            40,
            69,
            63
        ],
        [
            38,
            71,
            65
        ],
        [
            41,
            62,
            55
        ],
        [
            40,
            75,
            74
        ],
        [
            39,
            58,
            58
        ],
        [
            40,
            78,
            75
        ],
        [
            37,
            77,
            69
        ],
        [
            38,
            61,
            72
        ],
        [
            46,
            67,
            80
        ],
        [
            42,
            68,
            79
        ],
        [
            28,
            61,
            65
        ],
        [
            29,
            50,
            62
        ],
        [
            40,
            65,
            68
        ],
        [
            45,
            59,
            68
        ],
        [
            36,
            72,
            63
        ],
        [
            32,
            62,
            59
        ],
        [
            31,
            55,
            71
        ],
        [
            24,
            65,
            70
        ],
        [
            24,
            77,
            71
        ],
        [
            27,
            66,
            82
        ],
        [
            30,
            58,
            69
        ],
        [
            27,
            60,
            72
        ],
        [
            37,
            58,
            60
        ],
        [
            21,
            44,
            56
        ],
        [
            26,
            68,
            77
        ],
        [
            27,
            81,
            90
        ],
        [
            28,
            68,
            78
        ],
        [
            27,
            75,
            89
        ],
        [
            27,
            76,
            81
        ],
        [
            25,
            67,
            76
        ],
        [
            43,
            63,
            72
        ],
        [
            25,
            71,
            72
        ],
        [
            77,
            133,
            140
        ],
        [
            24,
            113,
            123
        ],
        [
            16,
            85,
            84
        ],
        [
            18,
            79,
            85
        ],
        [
            14,
            89,
            89
        ],
        [
            86,
            130,
            152
        ],
        [
            40,
            59,
            62
        ],
        [
            22,
            74,
            77
        ],
        [
            18,
            64,
            79
        ],
        [
            22,
            61,
            68
        ],
        [
            19,
            70,
            65
        ],
        [
            36,
            75,
            84
        ],
        [
            29,
            77,
            85
        ],
        [
            25,
            87,
            87
        ]
    ],
    "spacings": [
        [
            1.0,
            1.0,
            1.0
        ],
        [
            1.0,
            1.0,
            1.0
        ],
        [
            1.0,
            1.0,
            1.0
        ],
        [
            1.0,
            1.0,
            1.0
        ],
        [
            1.0,
            1.0,
            1.0
        ],
        [
            1.0,
            1.0,
            1.0
        ],
        [
            1.0,
            1.0,
            1.0
        ],
        [
            1.0,
            1.0,
            1.0
        ],
        [
            1.0,
            1.0,
            1.0
        ],
        [
            1.0,
            1.0,
            1.0
        ],
        [
            1.0,
            1.0,
            1.0
        ],
        [
            1.0,
            1.0,
            1.0
        ],
        [
            1.0,
            1.0,
            1.0
        ],
        [
            1.0,
            1.0,
            1.0
        ],
        [
            1.0,
            1.0,
            1.0
        ],
        [
            1.0,
            1.0,
            1.0
        ],
        [
            1.0,
            1.0,
            1.0
        ],
        [
            1.0,
            1.0,
            1.0
        ],
        [
            1.0,
            1.0,
            1.0
        ],
        [
            1.0,
            1.0,
            1.0
        ],
        [
            1.0,
            1.0,
            1.0
        ],
        [
            1.0,
            1.0,
            1.0
        ],
        [
            1.0,
            1.0,
            1.0
        ],
        [
            1.0,
            1.0,
            1.0
        ],
        [
            1.0,
            1.0,
            1.0
        ],
        [
            1.0,
            1.0,
            1.0
        ],
        [
            1.0,
            1.0,
            1.0
        ],
        [
            1.0,
            1.0,
            1.0
        ],
        [
            1.0,
            1.0,
            1.0
        ],
        [
            1.0,
            1.0,
            1.0
        ],
        [
            1.0,
            1.0,
            1.0
        ],
        [
            1.0,
            1.0,
            1.0
        ],
        [
            1.0,
            1.0,
            1.0
        ],
        [
            1.0,
            1.0,
            1.0
        ],
        [
            1.0,
            1.0,
            1.0
        ],
        [
            1.0,
            1.0,
            1.0
        ],
        [
            1.0,
            1.0,
            1.0
        ],
        [
            1.0,
            1.0,
            1.0
        ],
        [
            1.0,
            1.0,
            1.0
        ],
        [
            1.0,
            1.0,
            1.0
        ],
        [
            1.0,
            1.0,
            1.0
        ],
        [
            1.0,
            1.0,
            1.0
        ],
        [
            1.0,
            1.0,
            1.0
        ],
        [
            1.0,
            1.0,
            1.0
        ],
        [
            1.0,
            1.0,
            1.0
        ],
        [
            1.0,
            1.0,
            1.0
        ],
        [
            1.0,
            1.0,
            1.0
        ],
        [
            1.0,
            1.0,
            1.0
        ],
        [
            1.0,
            1.0,
            1.0
        ],
        [
            1.0,
            1.0,
            1.0
        ]
    ]
}