{
  "RawEns@0.5": {
    "acc": 0.8543689320388349,
    "bal_acc": 0.8327323717948718,
    "f1_macro": 0.8408692965289937,
    "auc": 0.8773036858974359,
    "pr": 0.8435281746909995,
    "mcc": 0.6864095829455545,
    "brier": 0.18125406634034646,
    "TN": 118,
    "FP": 10,
    "FN": 20,
    "TP": 58,
    "sensitivity": 0.7435897435897436,
    "specificity": 0.921875
  },
  "CalibEns@0.5": {
    "acc": 0.8543689320388349,
    "bal_acc": 0.8327323717948718,
    "f1_macro": 0.8408692965289937,
    "auc": 0.8774038461538461,
    "pr": 0.8436230556704074,
    "mcc": 0.6864095829455545,
    "brier": 0.17478965799636326,
    "TN": 118,
    "FP": 10,
    "FN": 20,
    "TP": 58,
    "sensitivity": 0.7435897435897436,
    "specificity": 0.921875
  },
  "CalibEns@topt": {
    "acc": 0.8446601941747572,
    "bal_acc": 0.8299278846153846,
    "f1_macro": 0.8331983805668016,
    "auc": 0.8774038461538461,
    "pr": 0.8436230556704074,
    "mcc": 0.6671115791982322,
    "brier": 0.17478965799636326,
    "TN": 114,
    "FP": 14,
    "FN": 18,
    "TP": 60,
    "sensitivity": 0.7692307692307693,
    "specificity": 0.890625
  },
  "t_opt_ens": 0.48371014595031736,
  "T_ens": 0.8888347268104553
}