{
  "raw@0.5": {
    "precision_0": 0.8275862068965517,
    "recall_0": 0.9375,
    "f1_0": 0.8791208791208792,
    "precision_1": 0.8688524590163934,
    "recall_1": 0.6794871794871795,
    "f1_1": 0.762589928057554,
    "TPR": 0.6794871794871795,
    "TNR": 0.9375,
    "FPR": 0.0625,
    "FNR": 0.32051282051282054,
    "PPV": 0.8688524590163934,
    "NPV": 0.8275862068965517,
    "roc_auc": 0.8814102564102563,
    "pr_auc": 0.848301150871757
  },
  "uncalibrated@t_opt": {
    "precision_0": 0.8275862068965517,
    "recall_0": 0.9375,
    "f1_0": 0.8791208791208792,
    "precision_1": 0.8688524590163934,
    "recall_1": 0.6794871794871795,
    "f1_1": 0.762589928057554,
    "TPR": 0.6794871794871795,
    "TNR": 0.9375,
    "FPR": 0.0625,
    "FNR": 0.32051282051282054,
    "PPV": 0.8688524590163934,
    "NPV": 0.8275862068965517,
    "roc_auc": 0.8814102564102563,
    "pr_auc": 0.848301150871757
  },
  "calibrated@t_opt": {
    "precision_0": 0.8275862068965517,
    "recall_0": 0.9375,
    "f1_0": 0.8791208791208792,
    "precision_1": 0.8688524590163934,
    "recall_1": 0.6794871794871795,
    "f1_1": 0.762589928057554,
    "TPR": 0.6794871794871795,
    "TNR": 0.9375,
    "FPR": 0.0625,
    "FNR": 0.32051282051282054,
    "PPV": 0.8688524590163934,
    "NPV": 0.8275862068965517,
    "roc_auc": 0.8814102564102563,
    "pr_auc": 0.848301150871757
  }
}