{
  "RawEns@0.5": {
    "acc": 0.8349514563106796,
    "bal_acc": 0.8045873397435898,
    "f1_macro": 0.8160714285714286,
    "auc": 0.87109375,
    "pr": 0.8175567863323648,
    "mcc": 0.6441945389511244,
    "brier": 0.14972407072289645,
    "TN": 119,
    "FP": 9,
    "FN": 25,
    "TP": 53,
    "sensitivity": 0.6794871794871795,
    "specificity": 0.9296875
  },
  "CalibEns@0.5": {
    "acc": 0.8203883495145631,
    "bal_acc": 0.7878605769230769,
    "f1_macro": 0.7991409070545761,
    "auc": 0.8689903846153845,
    "pr": 0.8101952175015965,
    "mcc": 0.6116677100234442,
    "brier": 0.16327381387150808,
    "TN": 118,
    "FP": 10,
    "FN": 27,
    "TP": 51,
    "sensitivity": 0.6538461538461539,
    "specificity": 0.921875
  },
  "CalibEns@topt": {
    "acc": 0.8300970873786407,
    "bal_acc": 0.8106971153846154,
    "f1_macro": 0.8160104116160971,
    "auc": 0.8689903846153845,
    "pr": 0.8101952175015965,
    "mcc": 0.6341959209210644,
    "brier": 0.16327381387150808,
    "TN": 114,
    "FP": 14,
    "FN": 21,
    "TP": 57,
    "sensitivity": 0.7307692307692307,
    "specificity": 0.890625
  },
  "t_opt_ens": 0.43841220140457154,
  "T_ens": -152.12344578504562
}