{
  "raw@0.5": {
    "precision_0": 0.7960526315789473,
    "recall_0": 0.9453125,
    "f1_0": 0.8642857142857143,
    "precision_1": 0.8703703703703703,
    "recall_1": 0.6025641025641025,
    "f1_1": 0.712121212121212,
    "TPR": 0.6025641025641025,
    "TNR": 0.9453125,
    "FPR": 0.0546875,
    "FNR": 0.3974358974358974,
    "PPV": 0.8703703703703703,
    "NPV": 0.7960526315789473,
    "roc_auc": 0.8650841346153846,
    "pr_auc": 0.8169632430287312
  },
  "uncalibrated@t_opt": {
    "precision_0": 0.8142857142857143,
    "recall_0": 0.890625,
    "f1_0": 0.8507462686567163,
    "precision_1": 0.7878787878787878,
    "recall_1": 0.6666666666666666,
    "f1_1": 0.7222222222222221,
    "TPR": 0.6666666666666666,
    "TNR": 0.890625,
    "FPR": 0.109375,
    "FNR": 0.3333333333333333,
    "PPV": 0.7878787878787878,
    "NPV": 0.8142857142857143,
    "roc_auc": 0.8650841346153846,
    "pr_auc": 0.8169632430287312
  },
  "calibrated@t_opt": {
    "precision_0": 0.8098591549295775,
    "recall_0": 0.8984375,
    "f1_0": 0.8518518518518519,
    "precision_1": 0.796875,
    "recall_1": 0.6538461538461539,
    "f1_1": 0.7183098591549296,
    "TPR": 0.6538461538461539,
    "TNR": 0.8984375,
    "FPR": 0.1015625,
    "FNR": 0.34615384615384615,
    "PPV": 0.796875,
    "NPV": 0.8098591549295775,
    "roc_auc": 0.8650841346153846,
    "pr_auc": 0.8169632430287312
  }
}