{
  "raw@0.5": {
    "precision_0": 0.9424083769633508,
    "recall_0": 0.9523809523809523,
    "f1_0": 0.9473684210526315,
    "precision_1": 0.4,
    "recall_1": 0.35294117647058826,
    "f1_1": 0.37500000000000006,
    "TPR": 0.35294117647058826,
    "TNR": 0.9523809523809523,
    "FPR": 0.047619047619047616,
    "FNR": 0.6470588235294118,
    "PPV": 0.4,
    "NPV": 0.9424083769633508,
    "roc_auc": 0.8331777155306568,
    "pr_auc": 0.42798643142328713
  },
  "uncalibrated@t_opt": {
    "precision_0": 0.9613259668508287,
    "recall_0": 0.9206349206349206,
    "f1_0": 0.9405405405405406,
    "precision_1": 0.4,
    "recall_1": 0.5882352941176471,
    "f1_1": 0.4761904761904762,
    "TPR": 0.5882352941176471,
    "TNR": 0.9206349206349206,
    "FPR": 0.07936507936507936,
    "FNR": 0.4117647058823529,
    "PPV": 0.4,
    "NPV": 0.9613259668508287,
    "roc_auc": 0.8331777155306568,
    "pr_auc": 0.42798643142328713
  },
  "calibrated@t_opt": {
    "precision_0": 0.9513513513513514,
    "recall_0": 0.9312169312169312,
    "f1_0": 0.9411764705882354,
    "precision_1": 0.38095238095238093,
    "recall_1": 0.47058823529411764,
    "f1_1": 0.42105263157894735,
    "TPR": 0.47058823529411764,
    "TNR": 0.9312169312169312,
    "FPR": 0.06878306878306878,
    "FNR": 0.5294117647058824,
    "PPV": 0.38095238095238093,
    "NPV": 0.9513513513513514,
    "roc_auc": 0.8331777155306568,
    "pr_auc": 0.42798643142328713
  }
}