{
  "RawEns@0.5": {
    "acc": 0.9223300970873787,
    "bal_acc": 0.6097105508870214,
    "f1_macro": 0.6460481099656358,
    "auc": 0.8204170557111733,
    "pr": 0.4158294968553257,
    "mcc": 0.3332408211843044,
    "brier": 0.08023318431828344,
    "TN": 186,
    "FP": 3,
    "FN": 13,
    "TP": 4,
    "sensitivity": 0.23529411764705882,
    "specificity": 0.9841269841269841
  },
  "CalibEns@0.5": {
    "acc": 0.9223300970873787,
    "bal_acc": 0.6097105508870214,
    "f1_macro": 0.6460481099656358,
    "auc": 0.8036103330220977,
    "pr": 0.40087453367665654,
    "mcc": 0.3332408211843044,
    "brier": 0.07889439658467887,
    "TN": 186,
    "FP": 3,
    "FN": 13,
    "TP": 4,
    "sensitivity": 0.23529411764705882,
    "specificity": 0.9841269841269841
  },
  "CalibEns@topt": {
    "acc": 0.8106796116504854,
    "bal_acc": 0.6826953003423591,
    "f1_macro": 0.6029651593773165,
    "auc": 0.8036103330220977,
    "pr": 0.40087453367665654,
    "mcc": 0.2541725783378185,
    "brier": 0.07889439658467887,
    "TN": 158,
    "FP": 31,
    "FN": 8,
    "TP": 9,
    "sensitivity": 0.5294117647058824,
    "specificity": 0.8359788359788359
  },
  "t_opt_ens": 0.2704626590013504,
  "T_ens": -19.08398551940918
}