{
  "raw@0.5": {
    "precision_0": 0.9395604395604396,
    "recall_0": 0.9047619047619048,
    "f1_0": 0.9218328840970349,
    "precision_1": 0.25,
    "recall_1": 0.35294117647058826,
    "f1_1": 0.2926829268292683,
    "TPR": 0.35294117647058826,
    "TNR": 0.9047619047619048,
    "FPR": 0.09523809523809523,
    "FNR": 0.6470588235294118,
    "PPV": 0.25,
    "NPV": 0.9395604395604396,
    "roc_auc": 0.8571428571428572,
    "pr_auc": 0.3814407436087985
  },
  "uncalibrated@t_opt": {
    "precision_0": 0.9745222929936306,
    "recall_0": 0.8095238095238095,
    "f1_0": 0.884393063583815,
    "precision_1": 0.2653061224489796,
    "recall_1": 0.7647058823529411,
    "f1_1": 0.3939393939393939,
    "TPR": 0.7647058823529411,
    "TNR": 0.8095238095238095,
    "FPR": 0.19047619047619047,
    "FNR": 0.23529411764705882,
    "PPV": 0.2653061224489796,
    "NPV": 0.9745222929936306,
    "roc_auc": 0.8571428571428572,
    "pr_auc": 0.3814407436087985
  },
  "calibrated@t_opt": {
    "precision_0": 0.943502824858757,
    "recall_0": 0.8835978835978836,
    "f1_0": 0.912568306010929,
    "precision_1": 0.2413793103448276,
    "recall_1": 0.4117647058823529,
    "f1_1": 0.3043478260869565,
    "TPR": 0.4117647058823529,
    "TNR": 0.8835978835978836,
    "FPR": 0.1164021164021164,
    "FNR": 0.5882352941176471,
    "PPV": 0.2413793103448276,
    "NPV": 0.943502824858757,
    "roc_auc": 0.8571428571428572,
    "pr_auc": 0.3814407436087985
  }
}