{
  "RawEns@0.5": {
    "acc": 0.8543689320388349,
    "bal_acc": 0.6529723000311236,
    "f1_macro": 0.6183300395256917,
    "auc": 0.8727046374105197,
    "pr": 0.38008382333247137,
    "mcc": 0.24945358944713333,
    "brier": 0.163128873869143,
    "TN": 169,
    "FP": 20,
    "FN": 10,
    "TP": 7,
    "sensitivity": 0.4117647058823529,
    "specificity": 0.8941798941798942
  },
  "CalibEns@0.5": {
    "acc": 0.8543689320388349,
    "bal_acc": 0.6529723000311236,
    "f1_macro": 0.6183300395256917,
    "auc": 0.8727046374105197,
    "pr": 0.38008164951394174,
    "mcc": 0.24945358944713333,
    "brier": 0.1000205220137634,
    "TN": 169,
    "FP": 20,
    "FN": 10,
    "TP": 7,
    "sensitivity": 0.4117647058823529,
    "specificity": 0.8941798941798942
  },
  "CalibEns@topt": {
    "acc": 0.8446601941747572,
    "bal_acc": 0.6476812947401183,
    "f1_macro": 0.6084580660489427,
    "auc": 0.8727046374105197,
    "pr": 0.38008164951394174,
    "mcc": 0.23368197663141665,
    "brier": 0.1000205220137634,
    "TN": 167,
    "FP": 22,
    "FN": 10,
    "TP": 7,
    "sensitivity": 0.4117647058823529,
    "specificity": 0.8835978835978836
  },
  "t_opt_ens": 0.47606738209724425,
  "T_ens": 0.23446321487426758
}