CaseID,group,p0,p_base,del_auc_raw,del_auc_delta,ins_auc_raw,ins_auc_delta,prob_class0,prob_class1,pred_class
HN-CHUS-034,T4,0.5911924839019775,0.5344721078872681,0.5638367891311646,0.02735569477081299,0.5614868760108949,0.027014768123626708,0.41790491342544556,0.5820950865745544,1
QIN-HEADNECK-02-2502,non-T4,0.5629574060440063,0.5344721078872681,0.5508587658405304,0.012098640203475952,0.5533053040504455,0.018833196163177492,0.4299618601799011,0.5700381994247437,1
RADCURE-2362,T4,0.580086350440979,0.5344721078872681,0.556137204170227,0.023949146270751953,0.5623410284519195,0.02786892056465149,0.40603646636009216,0.5939635038375854,1
QIN-HEADNECK-01-0107,non-T4,0.5659582018852234,0.5344721078872681,0.5502821773290634,0.015676024556159972,0.5530735522508622,0.018601444363594056,0.4208988547325134,0.5791011452674866,1
RADCURE-0016,non-T4,0.5540813207626343,0.5344721078872681,0.5428645193576812,0.011216801404953002,0.5505279660224914,0.01605585813522339,0.4426139295101166,0.557386040687561,1
RADCURE-2832,T4,0.6267751455307007,0.5344721078872681,0.5801041483879089,0.04667099714279175,0.581262344121933,0.04679023623466491,0.41945022344589233,0.5805497765541077,1
