CaseID,group,p0,p_base,AUC_Deletion_Raw,AUC_Deletion_Delta,AUC_Insertion_Raw,AUC_Insertion_Delta
HN-CHUS-034,T4,0.5911924839019775,0.5344721078872681,0.5884135782718658,0.0027789056301116945,0.5297834277153015,-0.004688680171966553
QIN-HEADNECK-02-2502,non-T4,0.5629574060440063,0.5344721078872681,0.5665427505970001,-0.003585344552993774,0.5295390486717224,-0.004933059215545654
RADCURE-2362,T4,0.580086350440979,0.5344721078872681,0.5794198513031006,0.0006664991378784181,0.5289063841104508,-0.005565723776817321
QIN-HEADNECK-01-0107,non-T4,0.5659582018852234,0.5344721078872681,0.5672210216522217,-0.0012628197669982911,0.5265850007534026,-0.007887107133865357
RADCURE-0016,non-T4,0.5540813207626343,0.5344721078872681,0.5556827127933502,-0.0016013920307159425,0.5270040363073349,-0.007468071579933166
RADCURE-2832,T4,0.6267751455307007,0.5344721078872681,0.6241909623146058,0.0025841832160949712,0.5317669659852982,-0.0027051419019699097
