CaseID,true_group,true_class,pred_class,is_correct,outcome_type,explain_class,explain_class_name,p0,p_base,del_auc_raw,del_auc_delta,ins_auc_raw,ins_auc_delta,prob_class0,prob_class1
HN-CHUS-034,T4,1,1,1,TP,1,T4,0.5820950865745544,0.5344721078872681,0.5537883073091506,0.028306779265403745,0.5587584048509597,0.02428629696369171,0.41790491342544556,0.5820950865745544
QIN-HEADNECK-02-2502,non-T4,0,1,0,FP,1,T4,0.5700381994247437,0.5344721078872681,0.5518569231033326,0.018181276321411134,0.5574603378772736,0.022988229990005493,0.4299618601799011,0.5700381994247437
RADCURE-2362,T4,1,1,1,TP,1,T4,0.5939635038375854,0.5344721078872681,0.5570350825786592,0.03692842125892639,0.566777491569519,0.03230538368225098,0.40603646636009216,0.5939635038375854
QIN-HEADNECK-01-0107,non-T4,0,1,0,FP,1,T4,0.5791011452674866,0.5344721078872681,0.5536064296960831,0.025494715571403502,0.5531888693571091,0.018716761469841005,0.4208988547325134,0.5791011452674866
RADCURE-0016,non-T4,0,1,0,FP,1,T4,0.557386040687561,0.5344721078872681,0.5443731248378755,0.013012915849685667,0.5492695689201356,0.014797461032867432,0.4426139295101166,0.557386040687561
RADCURE-2832,T4,1,1,1,TP,1,T4,0.5805497765541077,0.5344721078872681,0.5544850796461105,0.026064696907997127,0.5598962634801865,0.0254241555929184,0.41945022344589233,0.5805497765541077
