CaseID,true_group,true_class,pred_class,is_correct,outcome_type,explain_class,explain_class_name,p0,p_base,AUC_Deletion_Raw,AUC_Deletion_Delta,AUC_Insertion_Raw,AUC_Insertion_Delta
HN-CHUS-034,T4,1,1,1,TP,1,T4,0.5820950865745544,0.5344721078872681,0.5779267698526382,0.004168316721916199,0.5306343287229538,-0.00383777916431427
QIN-HEADNECK-02-2502,non-T4,0,1,0,FP,1,T4,0.5700381994247437,0.5344721078872681,0.5692771524190903,0.0007610470056533811,0.530064606666565,-0.004407501220703126
RADCURE-2362,T4,1,1,1,TP,1,T4,0.5939635038375854,0.5344721078872681,0.5895080149173737,0.004455488920211792,0.5307165056467056,-0.0037556022405624387
QIN-HEADNECK-01-0107,non-T4,0,1,0,FP,1,T4,0.5791011452674866,0.5344721078872681,0.5740018337965012,0.005099311470985413,0.5287601232528687,-0.005711984634399413
RADCURE-0016,non-T4,0,1,0,FP,1,T4,0.557386040687561,0.5344721078872681,0.5530292928218842,0.00435674786567688,0.5291312158107757,-0.005340892076492311
RADCURE-2832,T4,1,1,1,TP,1,T4,0.5805497765541077,0.5344721078872681,0.5818743616342544,-0.0013245850801467892,0.5359938144683838,0.0015217065811157227
