{
  "raw@0.5": {
    "precision_0": 0.9346733668341709,
    "recall_0": 0.9841269841269841,
    "f1_0": 0.9587628865979382,
    "precision_1": 0.5714285714285714,
    "recall_1": 0.23529411764705882,
    "f1_1": 0.3333333333333333,
    "TPR": 0.23529411764705882,
    "TNR": 0.9841269841269841,
    "FPR": 0.015873015873015872,
    "FNR": 0.7647058823529411,
    "PPV": 0.5714285714285714,
    "NPV": 0.9346733668341709,
    "roc_auc": 0.8923124805477747,
    "pr_auc": 0.5100678366390714
  },
  "uncalibrated@t_opt": {
    "precision_0": 0.9685534591194969,
    "recall_0": 0.8148148148148148,
    "f1_0": 0.8850574712643678,
    "precision_1": 0.2553191489361702,
    "recall_1": 0.7058823529411765,
    "f1_1": 0.37499999999999994,
    "TPR": 0.7058823529411765,
    "TNR": 0.8148148148148148,
    "FPR": 0.18518518518518517,
    "FNR": 0.29411764705882354,
    "PPV": 0.2553191489361702,
    "NPV": 0.9685534591194969,
    "roc_auc": 0.8923124805477747,
    "pr_auc": 0.5100678366390714
  },
  "calibrated@t_opt": {
    "precision_0": 0.9518716577540107,
    "recall_0": 0.9417989417989417,
    "f1_0": 0.9468085106382979,
    "precision_1": 0.42105263157894735,
    "recall_1": 0.47058823529411764,
    "f1_1": 0.4444444444444444,
    "TPR": 0.47058823529411764,
    "TNR": 0.9417989417989417,
    "FPR": 0.0582010582010582,
    "FNR": 0.5294117647058824,
    "PPV": 0.42105263157894735,
    "NPV": 0.9518716577540107,
    "roc_auc": 0.8923124805477747,
    "pr_auc": 0.5100678366390714
  }
}