{
  "RawEns@0.5": {
    "acc": 0.9077669902912622,
    "bal_acc": 0.6017740429505135,
    "f1_macro": 0.6234728234728235,
    "auc": 0.8266417678182384,
    "pr": 0.44528532490824774,
    "mcc": 0.26061196444106804,
    "brier": 0.07550144896961122,
    "TN": 183,
    "FP": 6,
    "FN": 13,
    "TP": 4,
    "sensitivity": 0.23529411764705882,
    "specificity": 0.9682539682539683
  },
  "CalibEns@0.5": {
    "acc": 0.9174757281553398,
    "bal_acc": 0.6070650482415189,
    "f1_macro": 0.6380361757105943,
    "auc": 0.8247743541861189,
    "pr": 0.422224219513222,
    "mcc": 0.3049688533321616,
    "brier": 0.07559980921488191,
    "TN": 185,
    "FP": 4,
    "FN": 13,
    "TP": 4,
    "sensitivity": 0.23529411764705882,
    "specificity": 0.9788359788359788
  },
  "CalibEns@topt": {
    "acc": 0.8058252427184466,
    "bal_acc": 0.7068160597572362,
    "f1_macro": 0.6098484848484849,
    "auc": 0.8247743541861189,
    "pr": 0.422224219513222,
    "mcc": 0.2800538762636935,
    "brier": 0.07559980921488191,
    "TN": 156,
    "FP": 33,
    "FN": 7,
    "TP": 10,
    "sensitivity": 0.5882352941176471,
    "specificity": 0.8253968253968254
  },
  "t_opt_ens": 0.2377859652042389,
  "T_ens": -79.5132849574089
}