{
  "RawEns@0.5": {
    "acc": 0.7864077669902912,
    "bal_acc": 0.7605168269230769,
    "f1_macro": 0.7666083015758575,
    "auc": 0.8649839743589743,
    "pr": 0.8367042171231327,
    "mcc": 0.537432668645812,
    "brier": 0.15990607635654558,
    "TN": 111,
    "FP": 17,
    "FN": 27,
    "TP": 51,
    "sensitivity": 0.6538461538461539,
    "specificity": 0.8671875
  },
  "CalibEns@0.5": {
    "acc": 0.7427184466019418,
    "bal_acc": 0.7303685897435898,
    "f1_macro": 0.7285902503293807,
    "auc": 0.8053886217948718,
    "pr": 0.7561825723983868,
    "mcc": 0.45751783619185993,
    "brier": 0.22393624968838172,
    "TN": 100,
    "FP": 28,
    "FN": 25,
    "TP": 53,
    "sensitivity": 0.6794871794871795,
    "specificity": 0.78125
  },
  "CalibEns@topt": {
    "acc": 0.7572815533980582,
    "bal_acc": 0.7320713141025641,
    "f1_macro": 0.7363841113841114,
    "auc": 0.8053886217948718,
    "pr": 0.7561825723983868,
    "mcc": 0.47531910324089804,
    "brier": 0.22393624968838172,
    "TN": 107,
    "FP": 21,
    "FN": 29,
    "TP": 49,
    "sensitivity": 0.6282051282051282,
    "specificity": 0.8359375
  },
  "t_opt_ens": 0.5157282590866089,
  "T_ens": -237.51315281391143
}