{
  "raw@0.5": {
    "precision_0": 0.8,
    "recall_0": 0.78125,
    "f1_0": 0.7905138339920948,
    "precision_1": 0.654320987654321,
    "recall_1": 0.6794871794871795,
    "f1_1": 0.6666666666666667,
    "TPR": 0.6794871794871795,
    "TNR": 0.78125,
    "FPR": 0.21875,
    "FNR": 0.32051282051282054,
    "PPV": 0.654320987654321,
    "NPV": 0.8,
    "roc_auc": 0.8074919871794872,
    "pr_auc": 0.7582035472868366
  },
  "uncalibrated@t_opt": {
    "precision_0": 0.8031496062992126,
    "recall_0": 0.796875,
    "f1_0": 0.8,
    "precision_1": 0.6708860759493671,
    "recall_1": 0.6794871794871795,
    "f1_1": 0.6751592356687899,
    "TPR": 0.6794871794871795,
    "TNR": 0.796875,
    "FPR": 0.203125,
    "FNR": 0.32051282051282054,
    "PPV": 0.6708860759493671,
    "NPV": 0.8031496062992126,
    "roc_auc": 0.8074919871794872,
    "pr_auc": 0.7582035472868366
  },
  "calibrated@t_opt": {
    "precision_0": 0.8031496062992126,
    "recall_0": 0.796875,
    "f1_0": 0.8,
    "precision_1": 0.6708860759493671,
    "recall_1": 0.6794871794871795,
    "f1_1": 0.6751592356687899,
    "TPR": 0.6794871794871795,
    "TNR": 0.796875,
    "FPR": 0.203125,
    "FNR": 0.32051282051282054,
    "PPV": 0.6708860759493671,
    "NPV": 0.8031496062992126,
    "roc_auc": 0.8074919871794872,
    "pr_auc": 0.7582035472868366
  }
}