CaseID,true_group,true_class,pred_class,is_correct,outcome_type,explain_class,explain_class_name,p0,p_base,AUC_Deletion_Raw,AUC_Deletion_Delta,AUC_Insertion_Raw,AUC_Insertion_Delta
HN-CHUS-034,T4,1,1,1,TP,1,T4,0.5266492962837219,0.5216913223266602,0.5247828871011735,0.0018664091825485228,0.4944224044680595,-0.027268917858600618
QIN-HEADNECK-02-2502,non-T4,0,1,0,FP,1,T4,0.5324943661689758,0.5216913223266602,0.5657688617706299,-0.03327449560165405,0.48717812150716777,-0.034513200819492336
RADCURE-2362,T4,1,0,0,FN,0,non-T4,0.6674695014953613,0.4783087372779846,0.6521926403045655,0.015276861190795899,0.5180005937814713,0.03969185650348663
QIN-HEADNECK-01-0107,non-T4,0,1,0,FP,1,T4,0.5934739708900452,0.5216913223266602,0.6176036894321442,-0.024129718542098996,0.4768871024250984,-0.044804219901561734
RADCURE-0016,non-T4,0,1,0,FP,1,T4,0.5810230374336243,0.5216913223266602,0.5915754318237304,-0.010552394390106204,0.48820558786392215,-0.03348573446273804
RADCURE-2832,T4,1,0,0,FN,0,non-T4,0.5439642071723938,0.4783087372779846,0.5210612028837204,0.022903004288673402,0.5200802534818649,0.04177151620388031
