CaseID,group,p0,p_base,del_auc_raw,del_auc_delta,ins_auc_raw,ins_auc_delta,prob_class0,prob_class1,pred_class
HN-CHUS-034,T4,0.5984744429588318,0.5216913223266602,0.5798703700304032,0.01860407292842865,0.5921202391386032,0.07042891681194305,0.4733507037162781,0.5266492962837219,1
QIN-HEADNECK-02-2502,non-T4,0.6260303258895874,0.5216913223266602,0.6141122460365296,0.011918079853057859,0.5652747869491577,0.043583464622497556,0.46750563383102417,0.5324943661689758,1
RADCURE-2362,T4,0.4271720051765442,0.5216913223266602,0.5531632333993911,-0.12599122822284697,0.465003028512001,-0.05668829381465912,0.6674695014953613,0.33253049850463867,0
QIN-HEADNECK-01-0107,non-T4,0.6394025683403015,0.5216913223266602,0.6024910897016525,0.036911478638648985,0.6019541412591933,0.08026281893253327,0.4065261483192444,0.5934739708900452,1
RADCURE-0016,non-T4,0.6154146194458008,0.5216913223266602,0.5902088165283204,0.025205802917480466,0.5744740605354309,0.05278273820877075,0.4189770221710205,0.5810230374336243,1
RADCURE-2832,T4,0.5873966813087463,0.5216913223266602,0.6042163878679275,-0.016819706559181212,0.5313273638486862,0.009636041522026063,0.5439642071723938,0.456035852432251,0
