CaseID,group,p0,p_base,AUC_Deletion_Raw,AUC_Deletion_Delta,AUC_Insertion_Raw,AUC_Insertion_Delta
HN-CHUS-034,T4,0.5984744429588318,0.5216913223266602,0.5908373594284058,0.007637083530426025,0.4940547585487366,-0.027636563777923583
QIN-HEADNECK-02-2502,non-T4,0.6260303258895874,0.5216913223266602,0.6339170813560487,-0.007886755466461181,0.4866465628147125,-0.03504475951194763
RADCURE-2362,T4,0.4271720051765442,0.5216913223266602,0.44099219143390656,-0.013820186257362366,0.48157991021871566,-0.04011141210794449
QIN-HEADNECK-01-0107,non-T4,0.6394025683403015,0.5216913223266602,0.64222212433815,-0.0028195559978485113,0.47528415024280546,-0.04640717208385468
RADCURE-0016,non-T4,0.6154146194458008,0.5216913223266602,0.6164239138364791,-0.0010092943906784058,0.48877485692501066,-0.032916465401649476
RADCURE-2832,T4,0.5873966813087463,0.5216913223266602,0.5899487793445587,-0.002552098035812378,0.47997366189956664,-0.0417176604270935
