CaseID,true_group,true_class,pred_class,is_correct,outcome_type,explain_class,explain_class_name,p0,p_base,del_auc_raw,del_auc_delta,ins_auc_raw,ins_auc_delta,prob_class0,prob_class1
HN-CHUS-034,T4,1,1,1,TP,1,T4,0.5266492962837219,0.5216913223266602,0.5527785032987594,-0.026129207015037535,0.5673005253076553,0.04560920298099518,0.4733507037162781,0.5266492962837219
QIN-HEADNECK-02-2502,non-T4,0,1,0,FP,1,T4,0.5324943661689758,0.5216913223266602,0.6075316280126573,-0.07503726184368134,0.5090186566114425,-0.012672665715217588,0.46750563383102417,0.5324943661689758
RADCURE-2362,T4,1,0,0,FN,0,non-T4,0.6674695014953613,0.4783087372779846,0.4726039052009582,0.1948655962944031,0.5904286891222,0.1121199518442154,0.6674695014953613,0.33253049850463867
QIN-HEADNECK-01-0107,non-T4,0,1,0,FP,1,T4,0.5934739708900452,0.5216913223266602,0.5897628694772721,0.0037111014127731313,0.5772724956274032,0.0555811733007431,0.4065261483192444,0.5934739708900452
RADCURE-0016,non-T4,0,1,0,FP,1,T4,0.5810230374336243,0.5216913223266602,0.5722319990396499,0.008791038393974304,0.5518344432115555,0.030143120884895323,0.4189770221710205,0.5810230374336243
RADCURE-2832,T4,1,0,0,FN,0,non-T4,0.5439642071723938,0.4783087372779846,0.4065161168575287,0.1374480903148651,0.5494274914264679,0.07111875414848329,0.5439642071723938,0.456035852432251
