{
  "raw@0.5": {
    "precision_0": 0.93,
    "recall_0": 0.9841269841269841,
    "f1_0": 0.9562982005141387,
    "precision_1": 0.5,
    "recall_1": 0.17647058823529413,
    "f1_1": 0.2608695652173913,
    "TPR": 0.17647058823529413,
    "TNR": 0.9841269841269841,
    "FPR": 0.015873015873015872,
    "FNR": 0.8235294117647058,
    "PPV": 0.5,
    "NPV": 0.93,
    "roc_auc": 0.8773731714908185,
    "pr_auc": 0.4075316743874164
  },
  "uncalibrated@t_opt": {
    "precision_0": 0.987012987012987,
    "recall_0": 0.8042328042328042,
    "f1_0": 0.8862973760932944,
    "precision_1": 0.28846153846153844,
    "recall_1": 0.8823529411764706,
    "f1_1": 0.4347826086956522,
    "TPR": 0.8823529411764706,
    "TNR": 0.8042328042328042,
    "FPR": 0.19576719576719576,
    "FNR": 0.11764705882352941,
    "PPV": 0.28846153846153844,
    "NPV": 0.987012987012987,
    "roc_auc": 0.8773731714908185,
    "pr_auc": 0.4075316743874164
  },
  "calibrated@t_opt": {
    "precision_0": 1.0,
    "recall_0": 0.1164021164021164,
    "f1_0": 0.2085308056872038,
    "precision_1": 0.09239130434782608,
    "recall_1": 1.0,
    "f1_1": 0.16915422885572137,
    "TPR": 1.0,
    "TNR": 0.1164021164021164,
    "FPR": 0.8835978835978836,
    "FNR": 0.0,
    "PPV": 0.09239130434782608,
    "NPV": 1.0,
    "roc_auc": 0.8773731714908186,
    "pr_auc": 0.40753167438741644
  }
}