{
  "RawEns@0.5": {
    "acc": 0.9174757281553398,
    "bal_acc": 0.5,
    "f1_macro": 0.47848101265822784,
    "auc": 0.8795518207282913,
    "pr": 0.47829888934169795,
    "mcc": 0.0,
    "brier": 0.09614699261008364,
    "TN": 189,
    "FP": 0,
    "FN": 17,
    "TP": 0,
    "sensitivity": 0.0,
    "specificity": 1.0
  },
  "CalibEns@0.5": {
    "acc": 0.9271844660194175,
    "bal_acc": 0.6123560535325241,
    "f1_macro": 0.6546328378227338,
    "auc": 0.8926237161531279,
    "pr": 0.45297471349610463,
    "mcc": 0.3676979526968714,
    "brier": 0.2328777355059468,
    "TN": 187,
    "FP": 2,
    "FN": 13,
    "TP": 4,
    "sensitivity": 0.23529411764705882,
    "specificity": 0.9894179894179894
  },
  "CalibEns@topt": {
    "acc": 0.0825242718446602,
    "bal_acc": 0.5,
    "f1_macro": 0.07623318385650224,
    "auc": 0.8926237161531279,
    "pr": 0.45297471349610463,
    "mcc": 0.0,
    "brier": 0.2328777355059468,
    "TN": 0,
    "FP": 189,
    "FN": 0,
    "TP": 17,
    "sensitivity": 1.0,
    "specificity": 0.0
  },
  "t_opt_ens": 0.3124338060617447,
  "T_ens": -197.3608757019043
}