{
  "RawEns@0.5": {
    "acc": 0.8300970873786407,
    "bal_acc": 0.8182091346153846,
    "f1_macro": 0.8190033889795406,
    "auc": 0.8649839743589745,
    "pr": 0.8189943246346806,
    "mcc": 0.6380499905691941,
    "brier": 0.16175052055182812,
    "TN": 111,
    "FP": 17,
    "FN": 18,
    "TP": 60,
    "sensitivity": 0.7692307692307693,
    "specificity": 0.8671875
  },
  "CalibEns@0.5": {
    "acc": 0.8349514563106796,
    "bal_acc": 0.8196113782051282,
    "f1_macro": 0.8227732793522267,
    "auc": 0.8740985576923077,
    "pr": 0.8307574951757495,
    "mcc": 0.6462516846452819,
    "brier": 0.1683481446555315,
    "TN": 113,
    "FP": 15,
    "FN": 19,
    "TP": 59,
    "sensitivity": 0.7564102564102564,
    "specificity": 0.8828125
  },
  "CalibEns@topt": {
    "acc": 0.8398058252427184,
    "bal_acc": 0.8235176282051282,
    "f1_macro": 0.8275100860165944,
    "auc": 0.8740985576923077,
    "pr": 0.8307574951757495,
    "mcc": 0.6561346622969172,
    "brier": 0.1683481446555315,
    "TN": 114,
    "FP": 14,
    "FN": 19,
    "TP": 59,
    "sensitivity": 0.7564102564102564,
    "specificity": 0.890625
  },
  "t_opt_ens": 0.508796238899231,
  "T_ens": -65.79696882963181
}