{
  "raw@0.5": {
    "precision_0": 0.8142857142857143,
    "recall_0": 0.890625,
    "f1_0": 0.8507462686567163,
    "precision_1": 0.7878787878787878,
    "recall_1": 0.6666666666666666,
    "f1_1": 0.7222222222222221,
    "TPR": 0.6666666666666666,
    "TNR": 0.890625,
    "FPR": 0.109375,
    "FNR": 0.3333333333333333,
    "PPV": 0.7878787878787878,
    "NPV": 0.8142857142857143,
    "roc_auc": 0.8671875,
    "pr_auc": 0.8295653205542536
  },
  "uncalibrated@t_opt": {
    "precision_0": 0.8142857142857143,
    "recall_0": 0.890625,
    "f1_0": 0.8507462686567163,
    "precision_1": 0.7878787878787878,
    "recall_1": 0.6666666666666666,
    "f1_1": 0.7222222222222221,
    "TPR": 0.6666666666666666,
    "TNR": 0.890625,
    "FPR": 0.109375,
    "FNR": 0.3333333333333333,
    "PPV": 0.7878787878787878,
    "NPV": 0.8142857142857143,
    "roc_auc": 0.8671875,
    "pr_auc": 0.8295653205542536
  },
  "calibrated@t_opt": {
    "precision_0": 0.8142857142857143,
    "recall_0": 0.890625,
    "f1_0": 0.8507462686567163,
    "precision_1": 0.7878787878787878,
    "recall_1": 0.6666666666666666,
    "f1_1": 0.7222222222222221,
    "TPR": 0.6666666666666666,
    "TNR": 0.890625,
    "FPR": 0.109375,
    "FNR": 0.3333333333333333,
    "PPV": 0.7878787878787878,
    "NPV": 0.8142857142857143,
    "roc_auc": 0.8671875,
    "pr_auc": 0.8295653205542536
  }
}