{
  "RawEns@0.5": {
    "acc": 0.8009708737864077,
    "bal_acc": 0.7722355769230769,
    "f1_macro": 0.780435178204695,
    "auc": 0.866786858974359,
    "pr": 0.8435075163321579,
    "mcc": 0.5682781097946333,
    "brier": 0.14037964454591745,
    "TN": 114,
    "FP": 14,
    "FN": 27,
    "TP": 51,
    "sensitivity": 0.6538461538461539,
    "specificity": 0.890625
  },
  "CalibEns@0.5": {
    "acc": 0.8058252427184466,
    "bal_acc": 0.7761418269230769,
    "f1_macro": 0.7850808555033908,
    "auc": 0.8639823717948719,
    "pr": 0.8426429992682085,
    "mcc": 0.5788690318178763,
    "brier": 0.14311581395416278,
    "TN": 115,
    "FP": 13,
    "FN": 27,
    "TP": 51,
    "sensitivity": 0.6538461538461539,
    "specificity": 0.8984375
  },
  "CalibEns@topt": {
    "acc": 0.8009708737864077,
    "bal_acc": 0.7722355769230769,
    "f1_macro": 0.780435178204695,
    "auc": 0.8639823717948719,
    "pr": 0.8426429992682085,
    "mcc": 0.5682781097946333,
    "brier": 0.14311581395416278,
    "TN": 114,
    "FP": 14,
    "FN": 27,
    "TP": 51,
    "sensitivity": 0.6538461538461539,
    "specificity": 0.890625
  },
  "t_opt_ens": 0.49025045037269593,
  "T_ens": -93.11842750310898
}