{
  "raw@0.5": {
    "precision_0": 0.8260869565217391,
    "recall_0": 0.890625,
    "f1_0": 0.8571428571428571,
    "precision_1": 0.7941176470588235,
    "recall_1": 0.6923076923076923,
    "f1_1": 0.7397260273972601,
    "TPR": 0.6923076923076923,
    "TNR": 0.890625,
    "FPR": 0.109375,
    "FNR": 0.3076923076923077,
    "PPV": 0.7941176470588235,
    "NPV": 0.8260869565217391,
    "roc_auc": 0.8558693910256411,
    "pr_auc": 0.8256691060473169
  },
  "uncalibrated@t_opt": {
    "precision_0": 0.8260869565217391,
    "recall_0": 0.890625,
    "f1_0": 0.8571428571428571,
    "precision_1": 0.7941176470588235,
    "recall_1": 0.6923076923076923,
    "f1_1": 0.7397260273972601,
    "TPR": 0.6923076923076923,
    "TNR": 0.890625,
    "FPR": 0.109375,
    "FNR": 0.3076923076923077,
    "PPV": 0.7941176470588235,
    "NPV": 0.8260869565217391,
    "roc_auc": 0.8558693910256411,
    "pr_auc": 0.8256691060473169
  },
  "calibrated@t_opt": {
    "precision_0": 0.8260869565217391,
    "recall_0": 0.890625,
    "f1_0": 0.8571428571428571,
    "precision_1": 0.7941176470588235,
    "recall_1": 0.6923076923076923,
    "f1_1": 0.7397260273972601,
    "TPR": 0.6923076923076923,
    "TNR": 0.890625,
    "FPR": 0.109375,
    "FNR": 0.3076923076923077,
    "PPV": 0.7941176470588235,
    "NPV": 0.8260869565217391,
    "roc_auc": 0.8558693910256411,
    "pr_auc": 0.8256691060473169
  }
}