{
  "raw@0.5": {
    "precision_0": 0.9411764705882353,
    "recall_0": 0.9312169312169312,
    "f1_0": 0.9361702127659575,
    "precision_1": 0.3157894736842105,
    "recall_1": 0.35294117647058826,
    "f1_1": 0.33333333333333337,
    "TPR": 0.35294117647058826,
    "TNR": 0.9312169312169312,
    "FPR": 0.06878306878306878,
    "FNR": 0.6470588235294118,
    "PPV": 0.3157894736842105,
    "NPV": 0.9411764705882353,
    "roc_auc": 0.8639900404606287,
    "pr_auc": 0.4293458428306757
  },
  "uncalibrated@t_opt": {
    "precision_0": 0.9526627218934911,
    "recall_0": 0.8518518518518519,
    "f1_0": 0.8994413407821229,
    "precision_1": 0.24324324324324326,
    "recall_1": 0.5294117647058824,
    "f1_1": 0.33333333333333337,
    "TPR": 0.5294117647058824,
    "TNR": 0.8518518518518519,
    "FPR": 0.14814814814814814,
    "FNR": 0.47058823529411764,
    "PPV": 0.24324324324324326,
    "NPV": 0.9526627218934911,
    "roc_auc": 0.8639900404606287,
    "pr_auc": 0.4293458428306757
  },
  "calibrated@t_opt": {
    "precision_0": 0.9482758620689655,
    "recall_0": 0.873015873015873,
    "f1_0": 0.9090909090909091,
    "precision_1": 0.25,
    "recall_1": 0.47058823529411764,
    "f1_1": 0.32653061224489793,
    "TPR": 0.47058823529411764,
    "TNR": 0.873015873015873,
    "FPR": 0.12698412698412698,
    "FNR": 0.5294117647058824,
    "PPV": 0.25,
    "NPV": 0.9482758620689655,
    "roc_auc": 0.8639900404606287,
    "pr_auc": 0.4293458428306757
  }
}