{
  "RawEns@0.5": {
    "acc": 0.912621359223301,
    "bal_acc": 0.6311858076563959,
    "f1_macro": 0.6551339285714286,
    "auc": 0.8786181139122317,
    "pr": 0.4640361570378668,
    "mcc": 0.3211134995363288,
    "brier": 0.06665176075760153,
    "TN": 183,
    "FP": 6,
    "FN": 12,
    "TP": 5,
    "sensitivity": 0.29411764705882354,
    "specificity": 0.9682539682539683
  },
  "CalibEns@0.5": {
    "acc": 0.912621359223301,
    "bal_acc": 0.6311858076563959,
    "f1_macro": 0.6551339285714286,
    "auc": 0.8758169934640524,
    "pr": 0.4618605815870832,
    "mcc": 0.3211134995363288,
    "brier": 0.0661759587778881,
    "TN": 183,
    "FP": 6,
    "FN": 12,
    "TP": 5,
    "sensitivity": 0.29411764705882354,
    "specificity": 0.9682539682539683
  },
  "CalibEns@topt": {
    "acc": 0.8543689320388349,
    "bal_acc": 0.706504824151883,
    "f1_macro": 0.6462912087912087,
    "auc": 0.8758169934640524,
    "pr": 0.4618605815870832,
    "mcc": 0.31784522312217434,
    "brier": 0.0661759587778881,
    "TN": 167,
    "FP": 22,
    "FN": 8,
    "TP": 9,
    "sensitivity": 0.5294117647058824,
    "specificity": 0.8835978835978836
  },
  "t_opt_ens": 0.2639208689332008,
  "T_ens": 0.8457450270652771
}