{
  "RawEns@0.5": {
    "acc": 0.7669902912621359,
    "bal_acc": 0.7473958333333333,
    "f1_macro": 0.7497975708502025,
    "auc": 0.8130008012820514,
    "pr": 0.7091582288774212,
    "mcc": 0.5002324227746306,
    "brier": 0.18820820956965048,
    "TN": 106,
    "FP": 22,
    "FN": 26,
    "TP": 52,
    "sensitivity": 0.6666666666666666,
    "specificity": 0.828125
  },
  "CalibEns@0.5": {
    "acc": 0.7524271844660194,
    "bal_acc": 0.7331730769230769,
    "f1_macro": 0.7348777348777349,
    "auc": 0.7719350961538461,
    "pr": 0.6087436872645176,
    "mcc": 0.4701044973224768,
    "brier": 0.2448757876423737,
    "TN": 104,
    "FP": 24,
    "FN": 27,
    "TP": 51,
    "sensitivity": 0.6538461538461539,
    "specificity": 0.8125
  },
  "CalibEns@topt": {
    "acc": 0.7087378640776699,
    "bal_acc": 0.6529447115384616,
    "f1_macro": 0.6570096570096571,
    "auc": 0.7719350961538461,
    "pr": 0.6087436872645176,
    "mcc": 0.3509680513361096,
    "brier": 0.2448757876423737,
    "TN": 113,
    "FP": 15,
    "FN": 45,
    "TP": 33,
    "sensitivity": 0.4230769230769231,
    "specificity": 0.8828125
  },
  "t_opt_ens": 0.503240567445755,
  "T_ens": 45.82816247940063
}