{
  "raw@0.5": {
    "precision_0": 0.7671232876712328,
    "recall_0": 0.875,
    "f1_0": 0.8175182481751825,
    "precision_1": 0.7333333333333333,
    "recall_1": 0.5641025641025641,
    "f1_1": 0.6376811594202899,
    "TPR": 0.5641025641025641,
    "TNR": 0.875,
    "FPR": 0.125,
    "FNR": 0.4358974358974359,
    "PPV": 0.7333333333333333,
    "NPV": 0.7671232876712328,
    "roc_auc": 0.7475961538461537,
    "pr_auc": 0.6109045459693337
  },
  "uncalibrated@t_opt": {
    "precision_0": 0.7516778523489933,
    "recall_0": 0.875,
    "f1_0": 0.8086642599277979,
    "precision_1": 0.7192982456140351,
    "recall_1": 0.5256410256410257,
    "f1_1": 0.6074074074074075,
    "TPR": 0.5256410256410257,
    "TNR": 0.875,
    "FPR": 0.125,
    "FNR": 0.47435897435897434,
    "PPV": 0.7192982456140351,
    "NPV": 0.7516778523489933,
    "roc_auc": 0.7475961538461537,
    "pr_auc": 0.6109045459693337
  },
  "calibrated@t_opt": {
    "precision_0": 0.7037037037037037,
    "recall_0": 0.890625,
    "f1_0": 0.7862068965517242,
    "precision_1": 0.6818181818181818,
    "recall_1": 0.38461538461538464,
    "f1_1": 0.4918032786885246,
    "TPR": 0.38461538461538464,
    "TNR": 0.890625,
    "FPR": 0.109375,
    "FNR": 0.6153846153846154,
    "PPV": 0.6818181818181818,
    "NPV": 0.7037037037037037,
    "roc_auc": 0.7475961538461537,
    "pr_auc": 0.6109045459693337
  }
}