{
  "raw@0.5": {
    "precision_0": 0.945054945054945,
    "recall_0": 0.91005291005291,
    "f1_0": 0.9272237196765498,
    "precision_1": 0.2916666666666667,
    "recall_1": 0.4117647058823529,
    "f1_1": 0.34146341463414637,
    "TPR": 0.4117647058823529,
    "TNR": 0.91005291005291,
    "FPR": 0.08994708994708994,
    "FNR": 0.5882352941176471,
    "PPV": 0.2916666666666667,
    "NPV": 0.945054945054945,
    "roc_auc": 0.8244631185807656,
    "pr_auc": 0.36422630045843796
  },
  "uncalibrated@t_opt": {
    "precision_0": 0.9428571428571428,
    "recall_0": 0.873015873015873,
    "f1_0": 0.9065934065934066,
    "precision_1": 0.22580645161290322,
    "recall_1": 0.4117647058823529,
    "f1_1": 0.29166666666666663,
    "TPR": 0.4117647058823529,
    "TNR": 0.873015873015873,
    "FPR": 0.12698412698412698,
    "FNR": 0.5882352941176471,
    "PPV": 0.22580645161290322,
    "NPV": 0.9428571428571428,
    "roc_auc": 0.8244631185807656,
    "pr_auc": 0.36422630045843796
  },
  "calibrated@t_opt": {
    "precision_0": 0.9438202247191011,
    "recall_0": 0.8888888888888888,
    "f1_0": 0.9155313351498636,
    "precision_1": 0.25,
    "recall_1": 0.4117647058823529,
    "f1_1": 0.3111111111111111,
    "TPR": 0.4117647058823529,
    "TNR": 0.8888888888888888,
    "FPR": 0.1111111111111111,
    "FNR": 0.5882352941176471,
    "PPV": 0.25,
    "NPV": 0.9438202247191011,
    "roc_auc": 0.8244631185807656,
    "pr_auc": 0.36422630045843796
  }
}