{
  "RawEns@0.5": {
    "acc": 0.912621359223301,
    "bal_acc": 0.6847183317771552,
    "f1_macro": 0.6950657894736842,
    "auc": 0.8593215063803299,
    "pr": 0.4463608109000369,
    "mcc": 0.39123080480887745,
    "brier": 0.08473386544980996,
    "TN": 181,
    "FP": 8,
    "FN": 10,
    "TP": 7,
    "sensitivity": 0.4117647058823529,
    "specificity": 0.9576719576719577
  },
  "CalibEns@0.5": {
    "acc": 0.9029126213592233,
    "bal_acc": 0.67942732648615,
    "f1_macro": 0.67942732648615,
    "auc": 0.8664799253034546,
    "pr": 0.4584361072460783,
    "mcc": 0.3588546529723,
    "brier": 0.10422282561448164,
    "TN": 179,
    "FP": 10,
    "FN": 10,
    "TP": 7,
    "sensitivity": 0.4117647058823529,
    "specificity": 0.9470899470899471
  },
  "CalibEns@topt": {
    "acc": 0.8155339805825242,
    "bal_acc": 0.7656395891690009,
    "f1_macro": 0.63926267281106,
    "auc": 0.8664799253034546,
    "pr": 0.4584361072460783,
    "mcc": 0.35380092452149736,
    "brier": 0.10422282561448164,
    "TN": 156,
    "FP": 33,
    "FN": 5,
    "TP": 12,
    "sensitivity": 0.7058823529411765,
    "specificity": 0.8253968253968254
  },
  "t_opt_ens": 0.33984178602695464,
  "T_ens": -53.530199670791625
}